<application>
  <component name="TextDiffSettings">
    <option name="PLACES_MAP">
      <entry key="ChangesView">
        <PlaceSettings>
          <option name="EXPAND_BY_DEFAULT" value="false" />
          <option name="HIGHLIGHT_POLICY" value="BY_LINE" />
          <option name="SHOW_WHITESPACES" value="true" />
        </PlaceSettings>
      </entry>
      <entry key="Default">
        <PlaceSettings>
          <option name="EXPAND_BY_DEFAULT" value="false" />
        </PlaceSettings>
      </entry>
      <entry key="DuplicateInspectionPresentation">
        <PlaceSettings>
          <option name="HIGHLIGHT_POLICY" value="BY_LINE" />
        </PlaceSettings>
      </entry>
    </option>
  </component>
</application>