<application>
  <component name="CodeInsightSettings">
    <option name="ADD_UNAMBIGIOUS_IMPORTS_ON_THE_FLY" value="true" />
  </component>
  <component name="DefaultFont">
    <option name="FONT_SIZE" value="17" />
  </component>
  <component name="EditorSettings">
    <option name="USE_SOFT_WRAPS" value="" />
    <option name="SOFT_WRAP_FILE_MASKS" value="*.md; *.txt; *.rst; *.adoc" />
    <option name="SHOW_QUICK_DOC_ON_MOUSE_OVER_ELEMENT" value="false" />
    <option name="IS_WHEEL_FONTCHANGE_ENABLED" value="true" />
  </component>
  <component name="TodoConfiguration">
    <pattern pattern="\b(todo|fixme)\b.*" />
    <pattern pattern="\brefactor\b.*" />
    <pattern pattern="// TODO 叶之越*" />
    <filter name="叶之越的 todo">
      <pattern index="2" />
    </filter>
  </component>
</application>