<application>
  <component name="FileTypeManager" version="17">
    <extensionMap>
      <mapping pattern="Experiment 2" type="ActionScript" />
      <mapping pattern="Clients" type="Image" />
      <mapping pattern="hh" type="JSPX" />
      <mapping ext="main.kts" type="Kotlin" />
      <mapping ext="gradle.kts" type="Kotlin" />
      <mapping pattern="how_to_use" type="PLAIN_TEXT" />
      <mapping pattern="readMe" type="PLAIN_TEXT" />
      <mapping pattern="干货" type="PLAIN_TEXT" />
      <mapping pattern="删除文件" type="PLAIN_TEXT" />
      <mapping pattern="file" type="PLAIN_TEXT" />
      <mapping pattern="java基础阶段1" type="PLAIN_TEXT" />
      <mapping pattern="java基础阶段0" type="PLAIN_TEXT" />
      <mapping pattern="ff" type="PLAIN_TEXT" />
      <mapping pattern="数据库表格设计" type="PLAIN_TEXT" />
      <mapping pattern="oo" type="PLAIN_TEXT" />
      <mapping pattern="banner" type="PLAIN_TEXT" />
      <mapping pattern="11-1 温湿度 协调器" type="PLAIN_TEXT" />
      <mapping pattern="1_JQuery" type="PLAIN_TEXT" />
      <mapping pattern="5_maven项目管理模型" type="PLAIN_TEXT" />
      <mapping pattern="需加强" type="PLAIN_TEXT" />
      <mapping pattern="基础加强语法归结" type="PLAIN_TEXT" />
      <mapping pattern="first" type="PLAIN_TEXT" />
      <mapping pattern="model" type="PLAIN_TEXT" />
      <mapping pattern="android学习" type="PLAIN_TEXT" />
      <mapping pattern="Client" type="PLAIN_TEXT" />
      <mapping pattern="java Web阶段二 网页前端" type="PLAIN_TEXT" />
      <mapping pattern="3_Ajax&amp;Json" type="PLAIN_TEXT" />
      <mapping pattern="3_数据库Druid配置 properties" type="PLAIN_TEXT" />
      <mapping pattern="Response" type="PLAIN_TEXT" />
      <mapping pattern="参数属性设置：" type="PLAIN_TEXT" />
      <mapping pattern="纯XML配置布局java代码书写" type="PLAIN_TEXT" />
      <mapping pattern="数据库五JDBC（）" type="PLAIN_TEXT" />
      <mapping pattern="java基础需巩固知识点" type="PLAIN_TEXT" />
      <mapping pattern="niu" type="PLAIN_TEXT" />
      <mapping pattern="java Web阶段三 web核心技术" type="PLAIN_TEXT" />
      <mapping pattern="高级UI组件代码归结" type="PLAIN_TEXT" />
      <mapping pattern="2_细化" type="PLAIN_TEXT" />
      <mapping pattern="功能二 邮件激活，邮件推送" type="PLAIN_TEXT" />
      <mapping pattern="算法" type="PLAIN_TEXT" />
      <mapping pattern="baogao" type="PLAIN_TEXT" />
      <mapping pattern="综合案例 1" type="PLAIN_TEXT" />
      <mapping pattern="java基础需巩固知识点3" type="PLAIN_TEXT" />
      <mapping pattern="java基础需巩固知识点2" type="PLAIN_TEXT" />
      <mapping pattern="Tomcat&amp;&amp;Servlet" type="PLAIN_TEXT" />
      <mapping pattern="employee" type="PLAIN_TEXT" />
      <mapping pattern="搜索引擎笔记" type="PLAIN_TEXT" />
      <mapping pattern="@WebFilter" type="PLAIN_TEXT" />
      <mapping pattern="4_xml 配置文件配置" type="PLAIN_TEXT" />
      <mapping pattern="功能四 姓名显示" type="PLAIN_TEXT" />
      <mapping pattern="img" type="PLAIN_TEXT" />
      <mapping pattern="叶之瑞" type="PLAIN_TEXT" />
      <mapping pattern="5_服务器Servlet项目资源配置 xml" type="PLAIN_TEXT" />
      <mapping pattern="基础入门语法归结" type="PLAIN_TEXT" />
      <mapping pattern="数据库四JDBC（）" type="PLAIN_TEXT" />
      <mapping pattern="master&amp;&amp;first" type="PLAIN_TEXT" />
      <mapping pattern="8_案例目录(借鉴)" type="PLAIN_TEXT" />
      <mapping pattern="1_基本介绍" type="PLAIN_TEXT" />
      <mapping pattern="day04" type="PLAIN_TEXT" />
      <mapping pattern="HTML of CSS(二)" type="PLAIN_TEXT" />
      <mapping pattern="总体资源分配情况" type="PLAIN_TEXT" />
      <mapping pattern="ww" type="PLAIN_TEXT" />
      <mapping pattern="4_Cookie&amp;&amp;Session" type="PLAIN_TEXT" />
      <mapping pattern="网页补充知识" type="PLAIN_TEXT" />
      <mapping pattern="java核心技术" type="PLAIN_TEXT" />
      <mapping pattern="部分代码存储区" type="PLAIN_TEXT" />
      <mapping pattern="linshi" type="PLAIN_TEXT" />
      <mapping pattern="综合案例3" type="PLAIN_TEXT" />
      <mapping pattern="综合案例2" type="PLAIN_TEXT" />
      <mapping pattern="旅游项目目录结构" type="PLAIN_TEXT" />
      <mapping pattern="src" type="PLAIN_TEXT" />
      <mapping pattern="huasuo02" type="PLAIN_TEXT" />
      <mapping pattern="huasuo01" type="PLAIN_TEXT" />
      <mapping pattern="方法强化" type="PLAIN_TEXT" />
      <mapping pattern="原理说明" type="PLAIN_TEXT" />
      <mapping pattern="其他" type="PLAIN_TEXT" />
      <mapping pattern="servelet" type="PLAIN_TEXT" />
      <mapping pattern="台电" type="PLAIN_TEXT" />
      <mapping pattern="java代码归结" type="PLAIN_TEXT" />
      <mapping pattern="Linux学习重点" type="PLAIN_TEXT" />
      <mapping pattern="JavaScript（一）" type="PLAIN_TEXT" />
      <mapping pattern="单元方法集合_部分代码示例" type="PLAIN_TEXT" />
      <mapping pattern="android" type="PLAIN_TEXT" />
      <mapping pattern="Linux项目部署" type="PLAIN_TEXT" />
      <mapping pattern="test" type="PLAIN_TEXT" />
      <mapping pattern="4_redis数据库" type="PLAIN_TEXT" />
      <mapping pattern="方法all" type="PLAIN_TEXT" />
      <mapping pattern="功能五 退出登录" type="PLAIN_TEXT" />
      <mapping pattern="gestures" type="PLAIN_TEXT" />
      <mapping pattern="JavaScript（二）" type="PLAIN_TEXT" />
      <mapping pattern="2_JQuery" type="PLAIN_TEXT" />
      <mapping pattern="Linux命令" type="PLAIN_TEXT" />
      <mapping pattern="7-2 温湿度 终端" type="PLAIN_TEXT" />
      <mapping pattern="jar包、工具类、配置文件归结" type="PLAIN_TEXT" />
      <mapping pattern="Servlet进阶&amp;&amp;HTTP&amp;&amp;Request" type="PLAIN_TEXT" />
      <mapping pattern="HTML（一）" type="PLAIN_TEXT" />
      <mapping pattern="百家姓" type="PLAIN_TEXT" />
      <mapping pattern="面试题" type="PLAIN_TEXT" />
      <mapping pattern="深入理解Java虚拟机" type="PLAIN_TEXT" />
      <mapping pattern="7-2 温湿度 协调器" type="PLAIN_TEXT" />
      <mapping pattern="测试方法示范" type="PLAIN_TEXT" />
      <mapping pattern="2 MySQL基础总结" type="PLAIN_TEXT" />
      <mapping pattern="自身代码实现的不足：以后需要借鉴使用" type="PLAIN_TEXT" />
      <mapping pattern="1_配置文件基础之properties" type="PLAIN_TEXT" />
      <mapping pattern="灵感" type="PLAIN_TEXT" />
      <mapping pattern="849" type="PLAIN_TEXT" />
      <mapping pattern="附录" type="PLAIN_TEXT" />
      <mapping pattern="user" type="PLAIN_TEXT" />
      <mapping pattern="读取" type="PLAIN_TEXT" />
      <mapping pattern="错误文档" type="PLAIN_TEXT" />
      <mapping pattern="dev" type="PLAIN_TEXT" />
      <mapping pattern="几种模型的数据结构比较" type="PLAIN_TEXT" />
      <mapping pattern="2_数据库CP30连接池配置 properties" type="PLAIN_TEXT" />
      <mapping pattern="feko" type="PLAIN_TEXT" />
      <mapping pattern="java代码整理" type="PLAIN_TEXT" />
      <mapping pattern="临时文件" type="PLAIN_TEXT" />
      <mapping pattern="项目规划" type="PLAIN_TEXT" />
      <mapping pattern="XML" type="PLAIN_TEXT" />
      <mapping pattern="11-1 温湿度 终端" type="PLAIN_TEXT" />
      <mapping pattern="异常处理 汇集" type="PLAIN_TEXT" />
      <mapping pattern="功能三 登录功能" type="PLAIN_TEXT" />
      <mapping pattern="BootStrap" type="PLAIN_TEXT" />
      <mapping pattern="临时笔记" type="PLAIN_TEXT" />
      <mapping pattern="配置文件（Properties）设置归纳处" type="PLAIN_TEXT" />
      <mapping pattern="employ" type="PLAIN_TEXT" />
      <mapping pattern="fft" type="PLAIN_TEXT" />
      <mapping pattern="5_EL&amp;JSTL" type="PLAIN_TEXT" />
      <mapping pattern="黑马资料day01" type="PLAIN_TEXT" />
      <mapping pattern="hello" type="PLAIN_TEXT" />
      <mapping pattern="配置文件设置归纳处" type="PLAIN_TEXT" />
      <mapping pattern="hosts" type="PLAIN_TEXT" />
      <mapping pattern="序列化文件" type="PLAIN_TEXT" />
      <mapping pattern="6_FIleter_Listener" type="PLAIN_TEXT" />
      <mapping pattern="f1" type="PLAIN_TEXT" />
      <mapping pattern="6_Linux操作系统 1" type="PLAIN_TEXT" />
      <mapping pattern="方法总结1" type="PLAIN_TEXT" />
      <mapping pattern="纯xml配置java代码书写" type="PLAIN_TEXT" />
      <mapping pattern="new台电" type="PLAIN_TEXT" />
      <mapping pattern="综合案例1" type="PLAIN_TEXT" />
      <mapping pattern="hello2" type="PLAIN_TEXT" />
      <mapping ext="lnk" type="PLAIN_TEXT" />
      <mapping ext="text" type="PLAIN_TEXT" />
      <mapping pattern="基础" type="XML" />
      <mapping pattern="HTML模板" type="AsciiDoc" />
      <mapping pattern="UI" type="AsciiDoc" />
      <mapping pattern="Word" type="AsciiDoc" />
      <mapping pattern="activity" type="AsciiDoc" />
      <mapping pattern="个人逻辑理清" type="AsciiDoc" />
      <mapping pattern="介绍" type="AsciiDoc" />
      <mapping pattern="代码模板" type="AsciiDoc" />
      <mapping pattern="模板" type="AsciiDoc" />
      <mapping pattern="模板0" type="AsciiDoc" />
      <mapping pattern="模板0_Object" type="AsciiDoc" />
      <mapping pattern="模板1" type="AsciiDoc" />
      <mapping pattern="模板2" type="AsciiDoc" />
      <mapping pattern="算法第四版" type="AsciiDoc" />
      <mapping pattern="算法第四版2" type="AsciiDoc" />
      <mapping pattern="算法第四版3" type="AsciiDoc" />
      <mapping pattern="算法第四版4" type="AsciiDoc" />
      <mapping pattern="算法第四版习题" type="AsciiDoc" />
      <mapping pattern="补充知识点" type="AsciiDoc" />
    </extensionMap>
  </component>
</application>