<application>
  <component name="GiteeAccounts">
    <account id="e815b989-023c-48b6-9e87-89c5956ba974" name="YeZhiyueGitee">
      <Server host="gitee.com" clientid="fc439d90cb2ffc20cffeb70a6a4039e69847485e0fa56cfa0d1bf006098e24dd" clientsecret="386f187646ee361049f69cd213424bdba5af03e820d10a68a68e5fb520902596" />
    </account>
    <account id="e4b5a017-2b0f-4996-ac7e-34a96544d697" name="xiaohao1009">
      <Server host="gitee.com" clientid="fc439d90cb2ffc20cffeb70a6a4039e69847485e0fa56cfa0d1bf006098e24dd" clientsecret="386f187646ee361049f69cd213424bdba5af03e820d10a68a68e5fb520902596" />
    </account>
  </component>
</application>