<application>
  <component name="AppStorage">
    <histories>
      <item value="纪念" />
      <item value="fanout" />
      <item value="Authorization" />
      <item value="Authentication" />
      <item value="region in which the bucket will be created" />
      <item value="Valid" />
      <item value="java.lang.ClassNotFoundException: Cannot find class: com.example.mybatispluscodegeneral.entity.DictBuilding" />
      <item value="injected" />
      <item value="Injection Config" />
      <item value="菜品" />
      <item value="Encryption" />
      <item value="Creates an object by combining data from different source objects using server-side copy." />
      <item value="Composed" />
      <item value="not a regular file" />
      <item value="regular" />
      <item value="Supplier" />
      <item value="硬件" />
      <item value="serve" />
      <item value="load" />
      <item value="paralle" />
      <item value="the" />
      <item value="guarantee" />
      <item value="ascending" />
      <item value="defers" />
      <item value="guaranteed" />
      <item value="mutually" />
      <item value="algorithms" />
      <item value="partitioning By" />
      <item value="Accumulate" />
      <item value="combiner" />
      <item value="accumulator" />
      <item value="truncated" />
      <item value="stable" />
      <item value="flat" />
      <item value="findNBStatus" />
      <item value="Duplicate" />
      <item value="权限" />
      <item value="在线" />
      <item value="离线" />
      <item value="指纹" />
      <item value="同步" />
      <item value="预约教室" />
      <item value="占用" />
      <item value="零点时间戳" />
      <item value="feign" />
      <item value="班牌" />
      <item value="assignable" />
      <item value="eureka" />
      <item value="Explicitly set a write lock on a cache." />
      <item value="validate" />
    </histories>
    <option name="languageScores">
      <map>
        <entry key="CHINESE" value="171" />
        <entry key="ENGLISH" value="172" />
        <entry key="DANISH" value="2" />
        <entry key="FRENCH" value="2" />
        <entry key="GREEK" value="1" />
      </map>
    </option>
  </component>
</application>