<application>
  <component name="AppStorage">
    <histories>
      <item value="Supplier" />
      <item value="硬件" />
      <item value="serve" />
      <item value="load" />
      <item value="paralle" />
      <item value="the" />
      <item value="guarantee" />
      <item value="ascending" />
      <item value="defers" />
      <item value="guaranteed" />
      <item value="mutually" />
      <item value="algorithms" />
      <item value="partitioning By" />
      <item value="Accumulate" />
      <item value="combiner" />
      <item value="accumulator" />
      <item value="truncated" />
      <item value="stable" />
      <item value="flat" />
      <item value="findNBStatus" />
      <item value="Duplicate" />
      <item value="权限" />
      <item value="在线" />
      <item value="离线" />
      <item value="指纹" />
      <item value="同步" />
      <item value="预约教室" />
      <item value="占用" />
      <item value="零点时间戳" />
      <item value="feign" />
      <item value="班牌" />
      <item value="assignable" />
      <item value="eureka" />
      <item value="Explicitly set a write lock on a cache." />
      <item value="validate" />
      <item value="校验" />
      <item value="dynamic" />
      <item value="declare" />
      <item value="compete" />
      <item value="annex" />
      <item value="upgrade" />
      <item value="inactive" />
      <item value="编号" />
      <item value="out of START_ARRAY token;" />
      <item value="deserialize" />
      <item value="distinct" />
      <item value="predicate" />
      <item value="批量" />
      <item value="declaration redundancy" />
      <item value="duplicated" />
    </histories>
    <option name="languageScores">
      <map>
        <entry key="CHINESE" value="156" />
        <entry key="ENGLISH" value="157" />
        <entry key="DANISH" value="2" />
        <entry key="FRENCH" value="2" />
        <entry key="GREEK" value="1" />
      </map>
    </option>
  </component>
</application>